{
  "1": {
    "nexts": [
      0.22683582245372236,
      0.31921766023151577,
      0.2124154968187213,
      0.10734768328256905,
      0.263228221796453,
      0.6034020676743239,
      0.7019734452478588,
      0.22371549904346466,
      0.6365781899075955,
      0.7122211654204875,
      0.3386631105095148,
      0.6289310234133154,
      0.023576001869514585,
      0.8123657410033047,
      0.241294456878677,
      0.9485723653342575
    ],
    "ints": [
      331,
      41,
      144,
      616,
      279,
      585,
      654,
      190
    ],
    "ranges": [
      -2.7730136876925826,
      3.5219820495694876,
      5.6212467374280095,
      -1.6362821916118264,
      8.480483032763004,
      8.035030467435718,
      4.127255552448332,
      5.610374184325337
    ],
    "chances": [
      false,
      true,
      true,
      false,
      false,
      true,
      false,
      false,
      true,
      true,
      true,
      true,
      true,
      true,
      true,
      true
    ],
    "picks": [
      "a",
      "e",
      "a",
      "a",
      "c",
      "b",
      "a",
      "e"
    ],
    "forkNexts": [
      0.2692568409256637,
      0.6027089350391179,
      0.22747200424782932,
      0.7965982442256063,
      0.7234935455489904,
      0.39395258226431906,
      0.23043508525006473,
      0.057720695389434695
    ]
  },
  "42": {
    "nexts": [
      0.49469241802580655,
      0.44902881793677807,
      0.899476470425725,
      0.014894860330969095,
      0.8907801888417453,
      0.4310670436825603,
      0.3220651443116367,
      0.2072944741230458,
      0.6512069271411747,
      0.9914641629438847,
      0.2893015253357589,
      0.41498349350877106,
      0.48398855002596974,
      0.11718729161657393,
      0.8147752517834306,
      0.8713462899904698
    ],
    "ints": [
      798,
      381,
      251,
      348,
      840,
      745,
      864,
      174
    ],
    "ranges": [
      -3.362439083866775,
      -5.4428908647969365,
      0.9049338242039084,
      6.268262583762407,
      -6.242879051715136,
      5.945978481322527,
      -7.711739502847195,
      -7.439067335799336
    ],
    "chances": [
      true,
      false,
      false,
      true,
      false,
      false,
      true,
      false,
      false,
      false,
      false,
      false,
      false,
      true,
      false,
      true
    ],
    "picks": [
      "c",
      "a",
      "e",
      "b",
      "d",
      "e",
      "a",
      "c"
    ],
    "forkNexts": [
      0.29412380373105407,
      0.12115712417289615,
      0.9235104380641133,
      0.4081667051650584,
      0.4621158803347498,
      0.358037160243839,
      0.8243459339719266,
      0.8059679835569113
    ]
  },
  "999999": {
    "nexts": [
      0.2681249005254358,
      0.5711784514132887,
      0.9827409293502569,
      0.9443250671029091,
      0.30714714829809964,
      0.8400515262037516,
      0.6897541838698089,
      0.2080769829917699,
      0.4580855800304562,
      0.20561706367880106,
      0.39066581218503416,
      0.23098649829626083,
      0.018973957980051637,
      0.16087601287290454,
      0.44094677502289414,
      0.1657538569997996
    ],
    "ints": [
      421,
      702,
      511,
      551,
      35,
      85,
      652,
      847
    ],
    "ranges": [
      6.678528669290245,
      1.7976733762770891,
      -2.9441890912130475,
      -3.671888276003301,
      -1.6626664018258452,
      -3.709996179677546,
      5.04900817759335,
      9.059996954165399
    ],
    "chances": [
      false,
      true,
      true,
      false,
      false,
      false,
      false,
      true,
      true,
      true,
      false,
      false,
      true,
      false,
      false,
      false
    ],
    "picks": [
      "a",
      "c",
      "e",
      "e",
      "b",
      "b",
      "d",
      "a"
    ],
    "forkNexts": [
      0.19021744118072093,
      0.1781823413912207,
      0.8295633003581315,
      0.8096498916856945,
      0.807115955511108,
      0.41639161529019475,
      0.8437963887117803,
      0.45706987916491926
    ]
  },
  "alpha": {
    "nexts": [
      0.3681100814137608,
      0.8090410269796848,
      0.29843061370775104,
      0.8908530478365719,
      0.6034138149116188,
      0.697252344340086,
      0.2629604151006788,
      0.5243429848924279,
      0.31519598653540015,
      0.06082514324225485,
      0.6586155388504267,
      0.749965755501762,
      0.30210156040266156,
      0.026632665190845728,
      0.8375698558520526,
      0.20072482712566853
    ],
    "ints": [
      817,
      710,
      610,
      818,
      718,
      163,
      406,
      110
    ],
    "ranges": [
      -3.178052846342325,
      -7.554535097442567,
      -9.06914655584842,
      4.769669435918331,
      0.12036361265927553,
      -6.321843792684376,
      -7.374183326028287,
      -3.0375368148088455
    ],
    "chances": [
      true,
      true,
      false,
      true,
      false,
      false,
      false,
      false,
      true,
      true,
      true,
      true,
      false,
      true,
      true,
      false
    ],
    "picks": [
      "a",
      "c",
      "b",
      "c",
      "b",
      "d",
      "e",
      "a"
    ],
    "forkNexts": [
      0.6707634967751801,
      0.9545471435412765,
      0.19903843360953033,
      0.0680296216160059,
      0.9177358248271048,
      0.32519505242817104,
      0.3640191045124084,
      0.0019031786359846592
    ]
  },
  "bravo": {
    "nexts": [
      0.3495288447011262,
      0.48457157076336443,
      0.03130667400546372,
      0.5387543542310596,
      0.014486124971881509,
      0.9338031155057251,
      0.596425203140825,
      0.5055554155260324,
      0.881395868724212,
      0.9407268438953906,
      0.4233759434428066,
      0.00955230207182467,
      0.8903651195578277,
      0.6684916289523244,
      0.07966614165343344,
      0.3077967979479581
    ],
    "ints": [
      17,
      916,
      90,
      272,
      491,
      159,
      326,
      739
    ],
    "ranges": [
      -5.203398214653134,
      8.021726133301854,
      5.841063195839524,
      7.685103677213192,
      -8.306324784643948,
      8.288000682368875,
      -8.469497510232031,
      9.720824752002954
    ],
    "chances": [
      true,
      false,
      false,
      false,
      false,
      false,
      true,
      false,
      true,
      false,
      false,
      true,
      true,
      false,
      true,
      false
    ],
    "picks": [
      "c",
      "c",
      "b",
      "c",
      "b",
      "c",
      "e",
      "c"
    ],
    "forkNexts": [
      0.24967841268517077,
      0.7509065810590982,
      0.23626805073581636,
      0.765402341959998,
      0.507478213403374,
      0.892605819972232,
      0.33949566329829395,
      0.3636356529314071
    ]
  },
  "charlie": {
    "nexts": [
      0.09762117685750127,
      0.7734816560987383,
      0.9362628059461713,
      0.08414794830605388,
      0.417500598821789,
      0.011352914851158857,
      0.2637445107102394,
      0.5771510596387088,
      0.32552811969071627,
      0.1758826260920614,
      0.7677592588588595,
      0.5022654053755105,
      0.22394246282055974,
      0.12642369884997606,
      0.8882003708276898,
      0.9791377184446901
    ],
    "ints": [
      909,
      908,
      151,
      784,
      452,
      260,
      625,
      719
    ],
    "ranges": [
      8.597177183255553,
      6.839943281374872,
      -4.812495042569935,
      5.8237932017073035,
      -7.076513255015016,
      6.6371209640055895,
      7.509106635116041,
      -9.328443952836096
    ],
    "chances": [
      false,
      true,
      false,
      true,
      true,
      false,
      true,
      true,
      false,
      true,
      false,
      false,
      false,
      false,
      true,
      true
    ],
    "picks": [
      "c",
      "d",
      "a",
      "a",
      "b",
      "c",
      "b",
      "e"
    ],