{
  "angles": [
    0,
    0.5,
    1,
    1.5707963267948966,
    3.141592653589793,
    -1.5707963267948966,
    -3.141592653589793,
    2,
    3.5,
    -3.5,
    6.28318,
    100,
    -100,
    0.0001
  ],
  "sin": [
    0,
    0.4794255386041839,
    0.8414709846481673,
    0.9999999437658769,
    0,
    -0.9999999437658769,
    0,
    0.909297425933559,
    -0.35078322768962006,
    0.35078322768962006,
    -0.000005307179586441845,
    -0.5063656411097132,
    0.5063656411097132,
    0.00009999999983333333
  ],
  "cos": [
    0.9999999437658769,
    0.8775825615019702,
    0.5403023058680307,
    0,
    -0.9999999437658769,
    0,
    -0.9999999437658769,
    -0.4161468365471402,
    -0.9364566853418879,
    -0.9364566853418879,
    0.9999999437542593,
    0.8623188720223809,
    0.8623188720223862,
    0.999999938812317
  ],
  "atanInputs": [
    -5,
    -1,
    -0.5,
    0,
    0.5,
    1,
    5,
    100
  ],
  "atan": [
    -1.373400751836214,
    -0.785398126,
    -0.4636476002404663,
    0,
    0.4636476002404663,
    0.785398126,
    1.373400751836214,
    1.560796666744512
  ],
  "atan2Pairs": [
    [
      1,
      1
    ],
    [
      1,
      -1
    ],
    [
      -1,
      1
    ],
    [
      -1,
      -1
    ],
    [
      0,
      1
    ],
    [
      0,
      -1
    ],
    [
      1,
      0
    ],
    [
      -1,
      0
    ],
    [
      0,
      0
    ],
    [
      3,
      4
    ]
  ],
  "atan2": [
    0.785398126,
    2.356194527589793,
    -0.785398126,
    -2.356194527589793,
    0,
    3.141592653589793,
    1.5707963267948966,
    -1.5707963267948966,
    0,
    0.6435010771031355
  ],
  "yawDirs": [
    [
      1,
      0
    ],
    [
      0,
      1
    ],
    [
      -1,
      0
    ],
    [
      0,
      -1
    ],
    [
      1,
      1
    ]
  ],
  "yaw": [
    -1.5707963267948966,
    0,
    1.5707963267948966,
    3.141592653589793,
    -0.785398126
  ]
}
